user,recency_days,n_365,n_90,n_30,n_7,n_movies,n_active_days,per_active_day,rating_mean,rating_std,trend_30_90,tenure_days,lifetime_ratings,actual_lapsed,predicted_risk
U0000,1,69,69,69.0,69.0,69,2,34.5,3.8188405,0.7523053,1.0,2,69,0,0.47847848495128725
U0001,2,35,9,4.0,2.0,35,27,1.2962962962962963,3.942857,0.57868296,0.4444444444444444,844,755,0,0.03890689734967976
U0002,70,61,61,0.0,0.0,61,2,30.5,4.139344,0.5995217,0.0,71,61,1,0.9635658618510414
U0003,29,55,14,1.0,0.0,55,22,2.5,2.909091,1.5843298,0.07142857142857142,584,270,0,0.1845542704094483
U0004,50,14,14,0.0,0.0,14,1,14.0,3.4642856,0.9085975,0.0,2228,290,1,0.8675668010113465
U0005,23,118,118,118.0,0.0,118,2,59.0,4.4322033,0.70382124,1.0,24,118,1,0.8497953714273696
U0006,36,45,45,0.0,0.0,45,1,45.0,4.088889,0.45588186,0.0,3706,1264,1,0.8906190179430115
U0007,34,1,1,0.0,0.0,1,1,1.0,4.0,0.0,0.0,7635,837,1,0.7594733271488199
U0008,4,108,108,108.0,108.0,108,2,54.0,4.5740743,0.47268775,1.0,6,108,1,0.5515346092273771
U0009,38,5,2,0.0,0.0,5,5,1.0,4.1,0.41833,0.0,5384,543,0,0.43046149632058084
U0010,77,305,305,0.0,0.0,305,1,305.0,3.3442624,1.2385694,0.0,77,305,1,0.9778401543707101
U0011,76,230,230,0.0,0.0,230,1,230.0,3.9543478,0.88970494,0.0,76,230,1,0.909057693194052
U0012,44,197,197,0.0,0.0,197,2,98.5,3.5152285,0.53905773,0.0,89,197,1,0.8655688432813523
U0013,40,22,7,0.0,0.0,22,2,11.0,4.0,0.7400129,0.0,1164,306,1,0.6279447471904313
U0014,9,31,6,6.0,0.0,31,8,3.875,4.080645,0.5179571,1.0,994,258,1,0.3526295166168137
U0015,7,69,23,6.0,1.0,69,28,2.4642857142857144,3.963768,0.88416976,0.2608695652173913,700,504,0,0.017111724346282713
U0016,2,38,6,3.0,2.0,38,23,1.6521739130434783,4.0921054,0.64572674,0.5,3598,510,0,0.05111619124056123
U0017,0,78,11,10.0,9.0,78,20,3.9,2.6602564,1.1033996,0.9090909090909091,378,222,0,0.09531872245310447
U0018,23,47,3,3.0,0.0,47,5,9.4,2.8723404,1.4198442,1.0,463,720,1,0.5989198253007941
U0019,43,596,13,0.0,0.0,596,25,23.84,3.9614093,0.8585824,0.0,161,596,0,0.3826758625068282
U0020,24,37,37,37.0,0.0,37,1,37.0,3.7972972,1.1332074,1.0,24,37,1,0.9741084111249415
U0021,68,1,1,0.0,0.0,1,1,1.0,3.5,0.0,0.0,68,1,1,0.8577471691291072
U0022,1,10,1,1.0,1.0,10,2,5.0,3.45,0.72456884,1.0,545,51,1,0.6073972583677475
U0023,25,116,33,33.0,0.0,116,2,58.0,2.75,1.360147,1.0,212,116,1,0.8455955351884193
U0024,71,102,102,0.0,0.0,102,1,102.0,3.735294,0.8863818,0.0,71,102,1,0.9862623017303275
U0025,82,669,2,0.0,0.0,669,33,20.272727272727273,3.5949178,1.1175135,0.0,1101,1079,0,0.3319349808587906
U0026,44,106,106,0.0,0.0,106,1,106.0,3.6745284,0.71395093,0.0,44,106,1,0.9463299859141799
U0027,12,134,134,134.0,0.0,134,4,33.5,3.1007462,0.84910357,1.0,16,134,1,0.5830580292413247
U0028,43,471,471,0.0,0.0,471,15,31.4,4.5976644,0.7828038,0.0,82,471,1,0.5978104072692338
U0029,33,30,30,0.0,0.0,30,2,15.0,3.3333333,1.184187,0.0,36,30,1,0.8978109639321338
U0030,24,24,6,6.0,0.0,24,5,4.8,3.375,0.71093935,1.0,2349,694,0,0.4562873608902689
U0031,2,25,4,4.0,4.0,25,3,8.333333333333334,4.62,0.46278146,1.0,1265,420,1,0.5311738452360795
U0032,1,201,201,201.0,14.0,201,8,25.125,4.136816,0.6441567,1.0,15,201,0,0.12178318599868049
U0033,12,48,48,48.0,0.0,48,1,48.0,4.0520835,0.9743497,1.0,12,48,1,0.9795208740840415
U0034,3,66,15,15.0,1.0,66,16,4.125,3.2575758,1.0047672,1.0,941,394,0,0.17955688829781669
U0035,13,575,427,3.0,0.0,575,9,63.888888888888886,2.8408697,1.092969,0.00702576112412178,118,575,0,0.344311415930512
U0036,82,49,49,0.0,0.0,49,1,49.0,4.336735,0.58973646,0.0,82,49,1,0.975062892204946
U0037,33,445,68,0.0,0.0,445,10,44.5,3.7820225,0.6373442,0.0,153,445,0,0.5390640374934409
U0038,26,410,410,410.0,0.0,410,1,410.0,3.6939025,0.8403556,1.0,26,410,1,0.8483012572265645
U0039,80,39,39,0.0,0.0,39,2,19.5,3.6666667,1.6675436,0.0,90,39,1,0.9309655957853221
U0040,1,57,57,1.0,1.0,57,5,11.4,3.6666667,0.9697815,0.017543859649122806,958,85,1,0.3438070702558829
U0041,3,253,132,50.0,5.0,253,91,2.78021978021978,3.8735178,0.40065706,0.3787878787878788,6712,2035,0,0.008956969144982117
U0042,16,63,63,7.0,0.0,63,4,15.75,3.5238094,1.1928165,0.1111111111111111,42,63,1,0.42501504073681085
U0043,36,45,5,0.0,0.0,45,25,1.8,3.4555554,0.92209136,0.0,598,100,0,0.20499952701257548
U0044,65,75,75,0.0,0.0,75,2,37.5,4.4,0.51333565,0.0,68,75,1,0.9578515205909967
U0045,12,99,99,99.0,0.0,99,2,49.5,4.050505,0.55094975,1.0,13,99,1,0.8126554768210414
U0046,4,262,190,5.0,2.0,262,19,13.789473684210526,3.5839694,0.852431,0.02631578947368421,100,262,0,0.08841713369746307
U0047,29,138,5,3.0,0.0,138,3,46.0,4.7065215,0.55279076,0.6,1738,310,1,0.6771749045582109
U0048,82,61,21,0.0,0.0,61,2,30.5,3.8770492,0.72258645,0.0,1239,193,1,0.876769678465584
U0049,14,90,15,3.0,0.0,90,48,1.875,4.0666666,0.8874911,0.2,2854,434,0,0.02464403483157373
U0050,1,46,6,5.0,5.0,46,5,9.2,4.304348,0.9278306,0.8333333333333334,170,46,1,0.4521688438620139
U0051,13,55,10,4.0,0.0,55,21,2.619047619047619,3.7363636,0.44984096,0.4,1280,572,0,0.06387608098973706
U0052,17,92,57,23.0,0.0,92,13,7.076923076923077,3.1195652,0.78924626,0.40350877192982454,1285,977,0,0.15855855913185052
U0053,83,38,5,0.0,0.0,38,5,7.6,4.3026314,0.513855,0.0,95,38,0,0.815256423465757
U0054,46,502,18,0.0,0.0,502,18,27.88888888888889,2.5956175,1.2839484,0.0,336,502,1,0.40008740011809507
U0055,8,22,22,22.0,0.0,22,1,22.0,4.1363635,0.41351622,1.0,8,22,1,0.9135312589137726
U0056,0,148,148,6.0,6.0,148,2,74.0,3.8547297,0.8128504,0.04054054054054054,52,148,1,0.5404799836669575
U0057,69,136,136,0.0,0.0,136,1,136.0,3.2941177,1.3422902,0.0,69,136,1,0.977141163890273
U0058,21,591,23,23.0,0.0,591,16,36.9375,3.253807,1.0100586,1.0,524,616,1,0.4148276894183243
U0059,46,19,1,0.0,0.0,19,13,1.4615384615384615,4.0263157,0.42405728,0.0,546,339,1,0.30004032772954514
U0060,0,127,34,17.0,17.0,127,57,2.2280701754385963,3.5826771,0.72856617,0.5,3130,1782,0,0.002160435084955295
U0061,77,53,6,0.0,0.0,53,5,10.6,3.1132076,0.61738837,0.0,1142,199,1,0.5231173668283676
U0062,75,21,1,0.0,0.0,21,8,2.625,3.952381,0.9862145,0.0,1230,79,1,0.5016000935624223
U0063,42,107,107,0.0,0.0,107,1,107.0,4.406542,0.562721,0.0,42,107,1,0.9093885933246545
U0064,1,588,47,19.0,4.0,588,100,5.88,3.4600341,0.61471283,0.40425531914893614,217,588,0,0.006143073594311954
U0065,22,26,26,26.0,0.0,26,1,26.0,3.8846154,0.8978607,1.0,22,26,1,0.9743596762364025
U0066,1,87,16,6.0,2.0,87,68,1.2794117647058822,3.9482758,0.64264387,0.375,926,1227,0,0.01461128248281651
U0067,55,104,104,0.0,0.0,104,1,104.0,3.7788463,0.57380915,0.0,55,104,1,0.9606921817226938
U0068,20,34,34,34.0,0.0,34,1,34.0,4.3088236,1.1998403,1.0,20,34,1,0.9533451302239494
U0069,14,44,9,1.0,0.0,44,30,1.4666666666666666,3.8863637,0.56920624,0.1111111111111111,2926,620,0,0.02835373453153896
U0070,7,84,15,6.0,1.0,84,79,1.0632911392405062,3.517857,0.6961444,0.4,3296,1756,0,0.007112324614652727
U0071,0,167,37,20.0,5.0,167,106,1.5754716981132075,2.8263474,1.453007,0.5405405405405406,995,492,0,0.012164574949543257
U0072,26,49,49,49.0,0.0,49,3,16.333333333333332,4.7040815,0.33724323,1.0,29,49,1,0.69942422851242
U0073,29,35,35,35.0,0.0,35,1,35.0,4.285714,0.47412014,1.0,29,35,0,0.9667869154727523
U0074,18,27,27,27.0,0.0,27,1,27.0,4.351852,0.6326807,1.0,18,27,1,0.9608633428760996
U0075,29,472,472,306.0,0.0,472,3,157.33333333333334,3.3050847,1.0713087,0.6483050847457628,31,472,1,0.6588728088274711
U0076,0,284,19,18.0,2.0,284,13,21.846153846153847,3.2799296,1.538086,0.9473684210526315,111,284,0,0.22353672904996416
U0077,0,494,494,494.0,190.0,494,9,54.888888888888886,2.6052632,0.6313743,1.0,12,494,0,0.1098223912400046
U0078,26,4,2,2.0,0.0,4,2,2.0,4.625,0.75,1.0,1302,582,1,0.6211456591962935
U0079,77,12,9,0.0,0.0,12,2,6.0,4.125,0.48265365,0.0,1128,95,1,0.7099237178828927
U0080,0,86,36,16.0,6.0,86,76,1.131578947368421,3.5,0.460179,0.4444444444444444,1963,1910,0,0.0018071469738136403
U0081,4,76,27,13.0,5.0,76,58,1.3103448275862069,2.9802632,0.699718,0.48148148148148145,6712,1814,0,0.0012965427037423297
U0082,12,64,64,64.0,0.0,64,2,32.0,4.734375,0.4079444,1.0,13,64,1,0.7508051360910802
U0083,28,1010,1010,1010.0,0.0,1010,1,1010.0,2.9138613,0.6362878,1.0,28,1010,0,0.8284148359488971
U0084,47,268,268,0.0,0.0,268,2,134.0,1.9869403,0.78421766,0.0,48,268,1,0.8903768109741799
U0085,4,129,31,15.0,3.0,129,72,1.7916666666666667,4.27907,0.50353044,0.4838709677419355,427,845,0,0.016546142170190462
U0086,38,23,23,0.0,0.0,23,2,11.5,3.9347825,1.0585619,0.0,41,23,1,0.8789242199732786
U0087,39,93,38,0.0,0.0,93,42,2.2142857142857144,3.0698924,0.982431,0.0,462,247,0,0.1922983758121078
U0088,1,59,34,14.0,1.0,59,4,14.75,3.4745762,0.7035852,0.4117647058823529,4013,712,1,0.3912704196496919
U0089,3,330,330,330.0,330.0,330,1,330.0,4.169697,0.7071003,1.0,3,330,1,0.5607700175406659
U0090,40,135,35,0.0,0.0,135,63,2.142857142857143,3.9814816,0.6921937,0.0,782,363,0,0.23694786910351803
U0091,1,96,96,12.0,12.0,96,4,24.0,3.6041667,0.76059765,0.125,86,96,0,0.43301112804413916
U0092,0,191,191,191.0,191.0,191,1,191.0,3.6544502,0.59468573,1.0,0,191,1,0.5348976531939543
U0093,50,78,78,0.0,0.0,78,1,78.0,3.4294872,1.3501427,0.0,50,78,1,0.9900424264424754
U0094,41,749,31,0.0,0.0,749,47,15.936170212765957,3.7096128,0.88480246,0.0,298,749,0,0.31336580175035067
U0095,50,50,50,0.0,0.0,50,1,50.0,3.74,0.8344618,0.0,50,50,1,0.991104187773355
U0096,79,64,4,0.0,0.0,64,49,1.3061224489795917,3.8359375,0.577726,0.0,1060,515,0,0.21040581666540226
U0097,11,34,16,3.0,0.0,34,9,3.7777777777777777,3.1323528,0.73142475,0.1875,1085,690,0,0.2962809299370244
U0098,71,43,1,0.0,0.0,43,16,2.6875,3.4186046,1.0114242,0.0,3093,954,0,0.2945124473479077
U0099,18,90,90,14.0,0.0,90,3,30.0,3.8555555,1.2813363,0.15555555555555556,37,90,0,0.6414190801857663
U0100,63,41,1,0.0,0.0,41,21,1.9523809523809523,4.0365853,0.49231905,0.0,1366,512,0,0.29876133426841034
U0101,43,292,292,0.0,0.0,292,5,58.4,2.4743152,0.78222823,0.0,71,292,1,0.6256854925479898
U0102,13,62,11,3.0,0.0,62,32,1.9375,3.314516,0.7904858,0.2727272727272727,2398,563,0,0.01288268211363284
U0103,62,263,263,0.0,0.0,263,1,263.0,3.891635,0.65429175,0.0,62,263,1,0.891779791909087
U0104,3,21,5,2.0,2.0,21,5,4.2,3.3095238,1.3179169,0.4,2737,296,0,0.36860806784108596
U0105,1,401,99,33.0,1.0,401,206,1.9466019417475728,2.9389029,0.8011759,0.3333333333333333,615,827,0,0.004273855776352215
U0106,0,81,12,7.0,6.0,81,61,1.3278688524590163,2.8765433,0.99539834,0.5833333333333334,1945,838,0,0.004247666849882174
U0107,7,150,24,8.0,3.0,150,20,7.5,4.51,0.6462852,0.3333333333333333,262,150,0,0.14680630391462607
U0108,73,31,31,0.0,0.0,31,1,31.0,3.435484,0.64215696,0.0,1050,530,1,0.9373242920243047
U0109,31,85,32,0.0,0.0,85,40,2.125,3.4411764,0.8395427,0.0,1840,668,0,0.15027282330232677
U0110,42,87,33,0.0,0.0,87,38,2.289473684210526,3.8908045,0.5139071,0.0,604,313,0,0.2126611721876242
U0111,15,30,4,4.0,0.0,30,9,3.3333333333333335,4.0,0.6695341,1.0,1260,487,0,0.37484943701761264
U0112,41,85,85,0.0,0.0,85,1,85.0,2.7470589,1.5633898,0.0,41,85,1,0.9876294374741938
U0113,13,227,8,4.0,0.0,227,63,3.6031746031746033,2.4867842,1.1777066,0.5,386,701,0,0.08263221864168203
U0114,65,2,2,0.0,0.0,2,1,2.0,4.25,1.0606601,0.0,3608,131,1,0.8464932641666731
U0115,8,93,93,93.0,0.0,93,1,93.0,4.204301,0.781013,1.0,8,93,1,0.9170860903484762
U0116,21,12,2,1.0,0.0,12,5,2.4,2.6666667,1.0298573,0.5,906,200,0,0.49089006957522713
U0117,65,16,1,0.0,0.0,16,7,2.2857142857142856,3.4375,1.181454,0.0,1899,277,0,0.5489506980282192
U0118,81,247,247,0.0,0.0,247,1,247.0,3.2368422,0.6545486,0.0,81,247,1,0.9170640103410433
U0119,77,72,72,0.0,0.0,72,1,72.0,3.8194444,0.9050156,0.0,77,72,1,0.9740378053714158
U0120,3,54,5,4.0,2.0,54,46,1.173913043478261,3.3796296,0.45490187,0.8,3339,1240,0,0.052445437837930604
U0121,2,35,7,4.0,4.0,35,24,1.4583333333333333,4.1571426,0.9296697,0.5714285714285714,677,786,0,0.07847579929093278
U0122,84,159,8,0.0,0.0,159,2,79.5,4.2327046,1.2475036,0.0,91,159,1,0.9319056450891458
U0123,52,75,3,0.0,0.0,75,8,9.375,2.6866667,0.88445026,0.0,1877,335,0,0.5328492932164286
U0124,45,1,1,0.0,0.0,1,1,1.0,5.0,0.0,0.0,1032,296,0,0.7636677349043469
U0125,37,25,25,0.0,0.0,25,1,25.0,4.18,0.6103278,0.0,37,25,1,0.9967896303861824
U0126,80,24,3,0.0,0.0,24,9,2.6666666666666665,3.75,0.8722784,0.0,434,943,0,0.3282639977542088
U0127,77,91,91,0.0,0.0,91,1,91.0,4.0054946,0.96751255,0.0,77,91,1,0.954610745084642
U0128,8,127,86,7.0,0.0,127,41,3.097560975609756,3.964567,0.58479786,0.08139534883720931,651,357,0,0.03190520936366942
U0129,4,140,24,10.0,1.0,140,50,2.8,3.1571429,0.79360235,0.4166666666666667,5954,1347,0,0.002220293277270758
U0130,5,25,9,5.0,1.0,25,18,1.3888888888888888,3.2,0.8416254,0.5555555555555556,4589,1346,0,0.13717249600005088
U0131,10,40,1,1.0,0.0,40,4,10.0,2.875,0.5633007,1.0,2475,1121,1,0.5315488106987066
U0132,38,42,3,0.0,0.0,42,8,5.25,4.4880953,0.3217349,0.0,651,179,0,0.49566078072713243
U0133,71,10,2,0.0,0.0,10,7,1.4285714285714286,3.45,1.0916349,0.0,1407,221,0,0.49208760911501687
U0134,42,47,47,0.0,0.0,47,1,47.0,3.9042554,0.58642524,0.0,42,47,1,0.9900006586802633
U0135,55,105,2,0.0,0.0,105,16,6.5625,4.0190477,0.6538488,0.0,316,105,0,0.590544271999718
U0136,85,228,228,0.0,0.0,228,3,76.0,3.2258773,1.243693,0.0,87,228,1,0.908647467112948
U0137,29,21,5,2.0,0.0,21,6,3.5,3.8333333,0.71297497,0.4,940,146,0,0.4806068790830972
U0138,25,638,638,638.0,0.0,638,3,212.66666666666666,3.4020376,0.6303762,1.0,27,638,1,0.6534831052639105
U0139,10,136,44,6.0,0.0,136,46,2.9565217391304346,3.077206,0.8252467,0.13636363636363635,1198,1306,0,0.013229848667863964
U0140,47,85,85,0.0,0.0,85,2,42.5,3.9882352,1.1674567,0.0,55,85,1,0.9311536309792018
U0141,31,28,3,0.0,0.0,28,6,4.666666666666667,4.267857,0.48078144,0.0,442,303,0,0.5318934036290617
U0142,78,135,3,0.0,0.0,135,3,45.0,4.0740743,0.6032206,0.0,99,135,1,0.8602243303832914
U0143,78,16,2,0.0,0.0,16,13,1.2307692307692308,3.8125,0.5439056,0.0,3027,308,0,0.2724761357996117
U0144,68,10,6,0.0,0.0,10,2,5.0,3.2,0.5374839,0.0,5459,784,0,0.6330873729111539
U0145,47,88,88,0.0,0.0,88,2,44.0,3.875,0.47494707,0.0,49,88,1,0.944936546423379
U0146,68,75,75,0.0,0.0,75,1,75.0,4.1666665,0.81096095,0.0,68,75,1,0.9321899926711833
U0147,0,291,57,13.0,4.0,291,116,2.5086206896551726,3.6185567,0.79580754,0.22807017543859648,678,630,0,0.0007055352055352055
U0148,0,28,28,28.0,28.0,28,1,28.0,4.214286,0.7506611,1.0,0,28,0,0.8513173621563953
U0149,31,52,52,0.0,0.0,52,3,17.333333333333332,3.7307692,0.58125573,0.0,64,52,1,0.7367448948356639
U0150,0,243,41,1.0,1.0,243,37,6.5675675675675675,2.9588478,0.83465356,0.024390243902439025,279,243,0,0.08480483079588261
U0151,2,22,3,3.0,2.0,22,5,4.4,3.5681818,0.51859367,1.0,1287,438,0,0.3649866923042943
U0152,29,49,49,49.0,0.0,49,2,24.5,3.7755103,1.0411394,1.0,30,49,0,0.8353843736008096
U0153,16,7,1,1.0,0.0,7,5,1.4,3.2857144,0.69863814,1.0,684,85,0,0.47770196792598746
U0154,55,30,30,0.0,0.0,30,1,30.0,4.0666666,1.4664838,0.0,55,30,1,0.9944905765360554
U0155,29,39,12,12.0,0.0,39,2,19.5,4.551282,0.5595448,1.0,136,39,1,0.7902905490986164
U0156,31,126,126,0.0,0.0,126,1,126.0,3.357143,0.73172987,0.0,31,126,1,0.8861186545418741
U0157,7,280,117,103.0,1.0,280,34,8.235294117647058,3.7267857,0.7117778,0.8803418803418803,216,280,0,0.032203805350132626
U0158,50,48,2,0.0,0.0,48,14,3.4285714285714284,4.3541665,0.9506903,0.0,772,448,0,0.37204516386944064
U0159,56,48,48,0.0,0.0,48,2,24.0,4.21875,0.58260465,0.0,57,48,1,0.9514460416855809
U0160,23,1296,1296,4.0,0.0,1296,5,259.2,2.9618056,0.90722513,0.0030864197530864196,39,1296,1,0.5084122980850148
U0161,66,81,81,0.0,0.0,81,2,40.5,4.3641977,1.0868888,0.0,67,81,1,0.9519007557393024
U0162,48,39,7,0.0,0.0,39,2,19.5,4.0641026,1.1481076,0.0,99,39,0,0.8310375816792649
U0163,44,140,140,0.0,0.0,140,3,46.666666666666664,2.7571428,1.2981527,0.0,1175,164,1,0.7474022591763784
U0164,31,553,553,0.0,0.0,553,2,276.5,3.5650995,0.84822536,0.0,43,553,0,0.8584148562608607
U0165,61,101,101,0.0,0.0,101,1,101.0,4.3712873,0.4452722,0.0,61,101,1,0.9576721217840155
U0166,57,252,24,0.0,0.0,252,16,15.75,2.609127,1.0123717,0.0,973,613,0,0.48654946302680835
U0167,15,116,13,11.0,0.0,116,53,2.188679245283019,4.37931,0.45022067,0.8461538461538461,397,336,0,0.05438228424230564
U0168,23,360,360,360.0,0.0,360,1,360.0,3.8666666,0.8454367,1.0,23,360,1,0.8504237826837698
U0169,0,35,35,35.0,35.0,35,1,35.0,4.7714286,0.5193726,1.0,0,35,1,0.8574915725398646
U0170,87,28,1,0.0,0.0,28,17,1.6470588235294117,3.642857,0.44839513,0.0,810,88,1,0.3274030827258928
U0171,14,74,2,1.0,0.0,74,3,24.666666666666668,3.5675676,0.7371006,0.5,5032,1645,1,0.5980666029976944
U0172,2,69,22,7.0,2.0,69,49,1.4081632653061225,3.3623188,0.7270208,0.3181818181818182,2692,971,0,0.001625945414738518
U0173,3,169,44,4.0,3.0,169,71,2.380281690140845,4.514793,0.6182397,0.09090909090909091,516,221,0,0.05565716258037047
U0174,65,48,48,0.0,0.0,48,1,48.0,3.9166667,0.6631111,0.0,65,48,1,0.977749446450136
U0175,24,10,8,8.0,0.0,10,2,5.0,3.6,0.6146363,1.0,1433,151,1,0.5411577953992797
U0176,1,110,25,8.0,1.0,110,87,1.264367816091954,3.5636363,0.57112914,0.32,5890,2147,0,0.0032158708356808566
U0177,0,77,29,25.0,20.0,77,52,1.4807692307692308,3.3181818,0.3619128,0.8620689655172413,1252,1049,0,0.0051563342259953356
U0178,77,56,56,0.0,0.0,56,1,56.0,4.107143,0.37796447,0.0,77,56,1,0.9164133819535527
U0179,89,23,23,0.0,0.0,23,1,23.0,4.3913045,0.5631995,0.0,89,23,1,0.9602148219072293
U0180,15,534,534,534.0,0.0,534,4,133.5,3.0636704,1.2604797,1.0,19,534,1,0.5653365811066053
U0181,75,153,153,0.0,0.0,153,1,153.0,3.9313726,0.9355178,0.0,75,153,1,0.9482307357197792
U0182,49,12,1,0.0,0.0,12,5,2.4,3.5,0.76870614,0.0,709,130,0,0.40984876123115704
U0183,13,22,13,2.0,0.0,22,9,2.4444444444444446,3.5227273,1.040573,0.15384615384615385,441,399,0,0.2694345672272327
U0184,43,6,6,0.0,0.0,6,2,3.0,4.0,0.5477226,0.0,2487,520,1,0.6657371647003365
U0185,4,122,19,19.0,19.0,122,14,8.714285714285714,2.922131,0.6556194,1.0,7622,2180,0,0.19071271012506189
U0186,50,1,1,0.0,0.0,1,1,1.0,5.0,0.0,0.0,1300,119,1,0.7822481880150165
U0187,49,3003,717,0.0,0.0,3003,15,200.2,2.6200466,0.77798086,0.0,115,3003,1,0.5517191323339754
U0188,59,163,163,0.0,0.0,163,1,163.0,4.0337424,1.2436615,0.0,59,163,1,0.9301534905162138
U0189,25,7,7,7.0,0.0,7,1,7.0,3.357143,1.1801937,1.0,829,145,1,0.8115169436073073
U0190,15,100,100,100.0,0.0,100,2,50.0,3.765,1.1964911,1.0,16,100,1,0.8124789475773714
U0191,18,40,40,40.0,0.0,40,2,20.0,3.0125,1.5627371,1.0,23,40,1,0.8078192248036563
U0192,61,1299,7,0.0,0.0,1299,10,129.9,2.7294073,1.7292991,0.0,120,1299,1,0.6022915855625902
U0193,10,38,6,1.0,0.0,38,15,2.533333333333333,4.644737,0.90723735,0.16666666666666666,570,71,0,0.1558447028530762
U0194,29,2,1,1.0,0.0,2,2,1.0,3.5,0.0,1.0,1242,352,1,0.692526973089735
U0195,57,28,5,0.0,0.0,28,7,4.0,4.017857,1.0136306,0.0,1154,203,0,0.5842964933422617
U0196,66,8,8,0.0,0.0,8,1,8.0,3.75,0.5976143,0.0,998,110,1,0.880104996008655
U0197,29,375,5,1.0,0.0,375,20,18.75,3.764,1.0626925,0.2,290,375,0,0.25259398552022183
U0198,16,40,13,2.0,0.0,40,26,1.5384615384615385,3.0375,0.61381006,0.15384615384615385,450,91,0,0.09247674621748707
U0199,31,64,64,0.0,0.0,64,2,32.0,3.984375,0.6297439,0.0,32,64,1,0.912708462813309
U0200,26,33,1,1.0,0.0,33,11,3.0,3.939394,0.9581686,1.0,385,111,0,0.38807465515284906
U0201,56,21,21,0.0,0.0,21,1,21.0,3.142857,1.0623424,0.0,56,21,1,0.9776862443158933
U0202,9,95,12,11.0,0.0,95,47,2.021276595744681,3.6473684,0.71038526,0.9166666666666666,5095,2769,0,0.02864732788606665
U0203,9,39,39,39.0,0.0,39,1,39.0,4.3333335,0.4188539,1.0,9,39,1,0.9370520820245269
U0204,14,26,15,9.0,0.0,26,11,2.3636363636363638,3.1346154,0.7688653,0.6,464,88,1,0.25068852512243384
U0205,14,166,94,1.0,0.0,166,12,13.833333333333334,3.8403614,0.94072694,0.010638297872340425,148,166,0,0.19536880126942424
U0206,2,67,8,3.0,1.0,67,53,1.2641509433962264,4.044776,0.31056333,0.375,1093,559,0,0.014593080188305177
U0207,1,100,24,4.0,4.0,100,26,3.8461538461538463,3.4,1.2831464,0.16666666666666666,1150,613,0,0.06902552647373239
U0208,6,38,20,4.0,3.0,38,30,1.2666666666666666,2.881579,0.92586124,0.2,3581,624,0,0.028842983486231783
U0209,11,276,276,276.0,0.0,276,1,276.0,4.5072465,0.2891084,1.0,11,276,1,0.8333556165601428
U0210,89,6,6,0.0,0.0,6,1,6.0,4.8333335,0.4082483,0.0,89,6,1,0.8647673694240416
U0211,65,24,24,0.0,0.0,24,1,24.0,3.9375,1.4166133,0.0,65,24,1,0.993128772277294
U0212,0,29,8,3.0,1.0,29,22,1.3181818181818181,3.9482758,0.15496702,0.375,1836,395,0,0.05399189694172468
U0213,6,53,53,53.0,53.0,53,1,53.0,3.8962264,1.4188243,1.0,6,53,1,0.9295043553571057
U0214,38,102,102,0.0,0.0,102,3,34.0,3.8333333,0.9732393,0.0,61,102,1,0.8110928821507485
U0215,24,158,158,158.0,0.0,158,1,158.0,3.2594936,1.4450899,1.0,24,158,1,0.8827151092129264
U0216,9,134,13,6.0,0.0,134,41,3.268292682926829,3.585821,0.77441734,0.46153846153846156,538,300,0,0.027121200394975536
U0217,22,20,4,2.0,0.0,20,16,1.25,3.925,0.49404347,0.5,1056,500,0,0.15580227775836702
U0218,61,28,28,0.0,0.0,28,2,14.0,3.892857,1.2045988,0.0,62,28,1,0.9629969264830811
U0219,5,309,309,309.0,41.0,309,8,38.625,3.9466019,0.9042988,1.0,2661,527,0,0.15373776074531206
U0220,1,14,1,1.0,1.0,14,5,2.8,4.071429,0.6157279,1.0,509,333,1,0.3598536035317661
U0221,3,55,55,55.0,55.0,55,1,55.0,3.8909092,0.65043366,1.0,3,55,1,0.8951233571734546
U0222,2,318,318,318.0,106.0,318,5,63.6,4.4292455,0.4075704,1.0,8,318,0,0.26966902695096373
U0223,78,63,63,0.0,0.0,63,2,31.5,4.3333335,0.62217104,0.0,80,63,1,0.9728728780096043
U0224,3,471,471,471.0,471.0,471,1,471.0,3.5838642,1.5770545,1.0,3,471,1,0.5549460012048736
U0225,36,120,120,0.0,0.0,120,3,40.0,4.3541665,0.7344919,0.0,43,120,1,0.7609194513194014
U0226,0,274,274,16.0,16.0,274,5,54.8,2.729927,1.4997126,0.058394160583941604,47,274,0,0.3650163435576282
U0227,21,21,21,21.0,0.0,21,1,21.0,3.9761906,0.33452168,1.0,21,21,1,0.915782053584532
U0228,51,112,112,0.0,0.0,112,1,112.0,3.111607,0.79895717,0.0,51,112,1,0.9106975228998272
U0229,69,123,2,0.0,0.0,123,29,4.241379310344827,3.5203252,0.7666148,0.0,435,261,0,0.2979857469536463
U0230,4,13,3,2.0,2.0,13,13,1.0,2.8846154,1.227359,0.6666666666666666,5878,1001,0,0.27417626030249537
U0231,72,124,124,0.0,0.0,124,5,24.8,3.592742,0.86100465,0.0,77,124,1,0.7757009460572137
U0232,41,130,130,0.0,0.0,130,1,130.0,3.9153845,0.5213967,0.0,41,130,1,0.8860765005765401
U0233,1,35,16,3.0,1.0,35,27,1.2962962962962963,3.2,0.86772186,0.1875,1170,109,0,0.09195454311543996
U0234,8,26,26,26.0,0.0,26,1,26.0,4.4615383,0.7200427,1.0,8,26,1,0.9644587189139573
U0235,49,51,3,0.0,0.0,51,7,7.285714285714286,3.8333333,0.8225975,0.0,609,299,0,0.5390374719876452
U0236,11,43,13,6.0,0.0,43,28,1.5357142857142858,3.6627908,0.63359267,0.46153846153846156,1230,572,1,0.030208119662066824
U0237,5,930,477,253.0,7.0,930,68,13.676470588235293,2.314516,1.3845037,0.5303983228511531,644,1872,0,0.018387351484796696
U0238,79,5,4,0.0,0.0,5,2,2.5,4.2,0.57008773,0.0,6802,894,1,0.664992349818781
U0239,83,93,93,0.0,0.0,93,1,93.0,4.2580647,1.0647844,0.0,83,93,1,0.9320061316103427
U0240,21,81,81,81.0,0.0,81,2,40.5,3.6666667,1.5712256,1.0,22,81,0,0.7764055331167746
U0241,0,797,95,27.0,9.0,797,87,9.160919540229886,2.5922208,1.1696389,0.28421052631578947,215,797,0,0.008300385188654657
U0242,42,36,36,0.0,0.0,36,4,9.0,4.0833335,0.5,0.0,54,36,0,0.7361792609643162
U0243,8,131,21,8.0,0.0,131,69,1.8985507246376812,3.8396947,0.8233776,0.38095238095238093,616,417,0,0.015995208899982252
U0244,22,38,1,1.0,0.0,38,5,7.6,3.4868422,0.93351156,1.0,1349,502,1,0.5742621135178534
U0245,18,208,53,1.0,0.0,208,9,23.11111111111111,3.9399037,0.87917066,0.018867924528301886,931,314,0,0.3101991136244144
U0246,51,31,31,0.0,0.0,31,2,15.5,4.354839,0.5353122,0.0,491,428,0,0.8486431942514312
U0247,87,322,322,0.0,0.0,322,4,80.5,3.4006212,0.8452172,0.0,90,322,1,0.842873683494248
U0248,61,46,46,0.0,0.0,46,3,15.333333333333334,4.119565,0.94389725,0.0,75,46,1,0.8694661536903167
U0249,1,165,50,20.0,14.0,165,85,1.9411764705882353,3.0545454,0.4782405,0.4,2942,1584,0,0.0016145023092322755
U0250,33,23,8,0.0,0.0,23,14,1.6428571428571428,3.4130435,0.66831154,0.0,1154,709,1,0.18577998260132753
U0251,88,5,2,0.0,0.0,5,3,1.6666666666666667,3.5,0.5,0.0,4867,485,1,0.6249942157977317
U0252,3,2,2,2.0,2.0,2,1,2.0,3.5,0.0,1.0,4281,399,1,0.7064868334219094
U0253,42,362,362,0.0,0.0,362,1,362.0,4.1049724,1.1567112,0.0,42,362,1,0.9210492914958817
U0254,3,51,1,1.0,1.0,51,23,2.217391304347826,3.5784314,0.74412733,1.0,2622,209,1,0.1445883308916002
U0255,58,207,207,0.0,0.0,207,1,207.0,4.2173915,0.72813565,0.0,58,207,1,0.8674434414234155
U0256,76,40,10,0.0,0.0,40,2,20.0,4.6625,0.5112516,0.0,135,40,1,0.9057400144491254
U0257,36,74,38,0.0,0.0,74,28,2.642857142857143,3.5135136,0.72609377,0.0,5166,1065,0,0.16876750938872911
U0258,48,12,8,0.0,0.0,12,3,4.0,3.75,0.65712875,0.0,3365,1306,1,0.580781713422586
U0259,5,106,18,13.0,3.0,106,62,1.7096774193548387,2.8632076,0.7055326,0.7222222222222222,4586,1314,0,0.0032553636929006837
U0260,82,23,23,0.0,0.0,23,1,23.0,4.195652,0.8358329,0.0,82,23,1,0.9722362060644594
U0261,16,127,127,127.0,0.0,127,3,42.333333333333336,4.1535435,0.6501276,1.0,18,127,1,0.6701753527939186
U0262,50,16,1,0.0,0.0,16,5,3.2,4.25,0.5163978,0.0,3456,385,1,0.5327762264496443
U0263,58,37,37,0.0,0.0,37,1,37.0,3.6486487,1.0856696,0.0,58,37,1,0.9933866316130598
U0264,0,12,12,12.0,12.0,12,1,12.0,3.8333333,0.77849895,1.0,1080,91,1,0.7140460741929339
U0265,44,35,11,0.0,0.0,35,7,5.0,4.757143,0.45972225,0.0,589,129,0,0.4732173175672438
U0266,73,310,3,0.0,0.0,310,10,31.0,3.732258,0.7357655,0.0,128,310,0,0.5873540721541273
U0267,4,47,47,47.0,46.0,47,2,23.5,4.37234,0.53637356,1.0,12,47,1,0.703778062737645
U0268,8,54,54,3.0,0.0,54,16,3.375,4.0185184,0.6512902,0.05555555555555555,430,138,0,0.11200868362254662
U0269,61,237,237,0.0,0.0,237,3,79.0,4.0168777,0.668392,0.0,65,237,1,0.7759975872502141
U0270,44,120,120,0.0,0.0,120,2,60.0,4.008333,0.56502897,0.0,49,120,1,0.9205486826613206
U0271,0,929,929,11.0,4.0,929,11,84.45454545454545,4.0166845,0.64951193,0.011840688912809472,57,929,0,0.11843104713717613
U0272,21,140,140,140.0,0.0,140,1,140.0,3.817857,0.9785665,1.0,21,140,1,0.8796242272840558
U0273,45,207,207,0.0,0.0,207,5,41.4,3.7246377,1.1412486,0.0,73,207,1,0.6400752936263238
U0274,6,11,4,4.0,4.0,11,3,3.6666666666666665,4.318182,0.8738629,1.0,767,115,1,0.5674801828890556
U0275,15,37,37,37.0,0.0,37,1,37.0,3.7837837,0.6926252,1.0,15,37,1,0.9833005978509122
U0276,55,112,112,0.0,0.0,112,1,112.0,4.03125,0.7016109,0.0,55,112,1,0.8770223134755213
U0277,61,116,22,0.0,0.0,116,4,29.0,3.875,0.69117105,0.0,95,116,0,0.8497502021859094
U0278,49,65,4,0.0,0.0,65,3,21.666666666666668,3.2692308,1.6608472,0.0,170,65,1,0.8156632613351515
U0279,0,211,60,23.0,12.0,211,171,1.2339181286549707,3.5616114,0.6237332,0.38333333333333336,598,737,0,0.0026279969097383325
U0280,21,20,7,5.0,0.0,20,9,2.2222222222222223,4.25,0.5256575,0.7142857142857143,3574,590,0,0.2727141345780182
U0281,38,173,173,0.0,0.0,173,2,86.5,4.210983,0.6906735,0.0,41,173,1,0.8812510655216544
U0282,10,177,177,177.0,0.0,177,4,44.25,4.435028,0.58388793,1.0,17,177,1,0.5470222773341189
U0283,29,37,37,1.0,0.0,37,2,18.5,3.6756756,0.5917983,0.02702702702702703,44,37,1,0.8034981080326856
U0284,39,98,98,0.0,0.0,98,1,98.0,3.4693878,1.3973767,0.0,39,98,1,0.9724580591849603
U0285,0,281,57,42.0,37.0,281,72,3.9027777777777777,3.1850533,1.0227365,0.7368421052631579,651,1176,0,0.0
U0286,22,22,7,3.0,0.0,22,5,4.4,3.590909,0.6480073,0.42857142857142855,956,431,0,0.4987753398856803
U0287,0,61,61,61.0,61.0,61,1,61.0,4.0983605,0.740606,1.0,0,61,0,0.7757423757451873
U0288,65,37,37,0.0,0.0,37,1,37.0,5.0,0.0,0.0,65,37,1,0.9149104802809618
U0289,38,308,11,0.0,0.0,308,15,20.533333333333335,3.5957792,0.92455554,0.0,230,308,0,0.43012427568734873
U0290,48,47,11,0.0,0.0,47,5,9.4,3.787234,0.7853598,0.0,5639,1275,0,0.4150225369934436
U0291,83,22,22,0.0,0.0,22,2,11.0,4.9772725,0.10660036,0.0,84,22,1,0.9006842846385615
U0292,12,45,45,44.0,0.0,45,2,22.5,4.0444446,0.5311033,0.9777777777777777,89,45,1,0.7978368227884947
U0293,4,190,190,8.0,1.0,190,10,19.0,4.4657893,0.5444653,0.042105263157894736,2888,2141,0,0.1681053835380071
U0294,70,299,7,0.0,0.0,299,30,9.966666666666667,3.0719063,0.518788,0.0,3817,3217,0,0.3004994986154209
U0295,71,364,3,0.0,0.0,364,15,24.266666666666666,1.8502747,1.3622113,0.0,316,364,0,0.4833304761411778
U0296,43,52,9,0.0,0.0,52,42,1.2380952380952381,3.5961537,0.53356427,0.0,1449,694,0,0.11550605399471255
U0297,4,98,50,16.0,4.0,98,38,2.5789473684210527,4.142857,0.65013874,0.32,1212,273,0,0.018619682869063705
U0298,31,227,227,0.0,0.0,227,2,113.5,3.8568282,0.80539364,0.0,34,227,1,0.8426736631926705
U0299,4,69,10,5.0,4.0,69,25,2.76,3.7608695,0.53966695,0.5,5005,1023,0,0.03901193030037468
